月租费,网龄(月),每月流量(GB),性别,套餐类型,是否有合约,流失风险
133.38043050578784,22,10.0611612505522,男,豪华版,否,0.73
128.93955768707465,32,5.050981935027793,男,基础版,否,0.72
120.2874013003626,63,3.934799193146354,女,至尊版,否,0.71
137.53591625116132,2,32.34674354858788,女,至尊版,否,0.69
121.1424445243783,54,3.527367199452367,男,基础版,否,0.67
130.04714104192055,21,1.0746538274379351,男,至尊版,否,0.62
119.4510889925346,70,25.382380757120377,女,至尊版,否,0.58
135.89115727035576,14,9.254253269426673,男,基础版,否,0.58
117.63279513898901,62,10.351660626804982,女,基础版,否,0.57
